"","LID","Glottocode"
"1",199,"nama1264"
"2",148,"kung1261"
"3",94,"hadz1240"
"4",347,"sand1273"
"5",151,"kwad1244"
"6",323,"tega1236"
"7",75,"ewee1241"
"8",172,"mand1436"
"9",80,"adam1253"
"10",305,"izon1238"
"11",85,"gbay1287"
"12",165,"gand1255"
"13",123,"kanu1279"
"14",81,"furr1244"
"15",111,"ikkk1242"
"16",207,"nara1262"
"17",69,"nubi1251"
"18",159,"lang1324"
"19",167,"masa1300"
"20",299,"nand1266"
"21",91,"gumu1244"
"22",421,"yoru1245"
"23",120,"kaby1243"
"24",98,"haus1257"
"25",121,"dera1248"
"26",373,"tera1251"
"27",294,"egyp1246"
"28",15,"akka1240"
"29",23,"stan1318"
"30",21,"amha1245"
"31",65,"dizi1235"
"32",324,"east2652"
"33",34,"beja1238"
"34",360,"sume1241"
"35",73,"elam1244"
"36",108,"hurr1240"
"37",32,"basq1248"
"38",100,"hitt1242"
"39",301,"tokh1241"
"40",79,"stan1290"
"41",25,"east2283"
"42",74,"stan1293"
"43",340,"russ1263"
"44",396,"waig1243"
"45",325,"osse1243"
"46",17,"tosk1239"
"47",114,"ingu1240"
"48",413,"khin1240"
"49",389,"udii1243"
"50",162,"lezg1247"
"51",145,"darg1241"
"52",155,"lakk1252"
"53",7,"abkh1244"
"54",205,"nene1249"
"55",107,"hung1274"
"56",139,"komi1268"
"57",78,"finn1318"
"58",57,"chuv1255"
"59",387,"tuvi1240"
"60",124,"kara1465"
"61",188,"halh1238"
"62",201,"nana1257"
"63",423,"nort2745"
"64",129,"kett1243"
"65",12,"ainu1240"
"66",118,"nucl1643"
"67",141,"kore1280"
"68",56,"chuk1273"
"69",116,"itel1242"
"70",18,"aleu1260"
"71",203,"nauk1242"
"72",40,"buru1296"
"73",197,"naha1261"
"74",142,"kota1263"
"75",171,"mand1415"
"76",221,"diga1241"
"77",223,"sout2729"
"78",225,"lahu1253"
"79",226,"sgaw1245"
"80",228,"pare1266"
"81",371,"temi1246"
"82",44,"carn1240"
"83",1,"grea1241"
"84",2,"onge1236"
"85",374,"thai1261"
"86",182,"caom1238"
"87",327,"paiw1248"
"88",48,"cham1312"
"89",362,"taga1270"
"90",384,"tuka1249"
"91",39,"buru1303"
"92",157,"lama1277"
"93",381,"kuan1248"
"94",70,"dehu1237"
"95",368,"tawa1275"
"96",334,"pohn1238"
"97",77,"fiji1243"
"98",346,"samo1305"
"99",146,"kuii1253"
"100",343,"sahu1245"
"101",364,"kula1280"
"102",62,"demt1241"
"103",61,"lowe1415"
"104",415,"nini1235"
"105",130,"west2599"
"106",410,"wiru1244"
"107",345,"salt1242"
"108",103,"yaga1260"
"109",232,"usar1243"
"110",358,"suen1241"
"111",31,"nucl1630"
"112",136,"kobo1249"
"113",153,"mula1254"
"114",126,"kate1253"
"115",417,"nucl1454"
"116",402,"ware1253"
"117",366,"burm1264"
"118",33,"bauz1241"
"119",109,"iauu1242"
"120",26,"casu1237"
"121",370,"tele1256"
"122",38,"kuni1265"
"123",131,"kima1246"
"124",134,"nort2930"
"125",211,"ngka1235"
"126",330,"pawa1255"
"127",350,"nucl1632"
"128",212,"nucl1633"
"129",190,"else1239"
"130",395,"vani1248"
"131",403,"wari1266"
"132",427,"kark1258"
"133",419,"yess1239"
"134",307,"kris1246"
"135",24,"bumb1241"
"136",322,"oksa1245"
"137",14,"alam1246"
"138",420,"yima1243"
"139",83,"taia1239"
"140",28,"awtu1239"
"141",369,"tehi1237"
"142",20,"amel1241"
"143",367,"tauy1241"
"144",393,"usan1239"
"145",407,"wask1241"
"146",359,"sulk1246"
"147",22,"anem1249"
"148",191,"siwa1245"
"149",140,"rapo1238"
"150",30,"qaqe1238"
"151",13,"ayiw1239"
"152",138,"komb1274"
"153",36,"beri1254"
"154",133,"kiri1256"
"155",320,"oira1263"
"156",158,"lamm1241"
"157",137,"wers1238"
"158",71,"dyir1250"
"159",416,"yank1247"
"160",193,"east2379"
"161",64,"dier1241"
"162",391,"urad1238"
"163",66,"dhuw1249"
"164",210,"ngiy1239"
"165",408,"west2443"
"166",173,"mang1381"
"167",68,"djin1251"
"168",424,"gang1267"
"169",128,"kaya1319"
"170",93,"gunw1252"
"171",209,"ngal1293"
"172",400,"wara1290"
"173",401,"ward1246"
"174",378,"tiwi1244"
"175",178,"mari1424"
"176",196,"murr1258"
"177",170,"mull1237"
"178",181,"maun1240"
"179",149,"goon1238"
"180",319,"nyig1240"
"181",390,"ngar1284"
"182",183,"miri1266"
"183",405,"wand1263"
"184",16,"alaw1244"
"185",82,"gaga1251"
"186",84,"gara1269"
"187",198,"naka1260"
"188",318,"nung1290"
"189",160,"lara1258"
"190",72,"east2545"
"191",63,"kumi1248"
"192",51,"chim1301"
"193",125,"karo1304"
"194",351,"shas1239"
"195",406,"wash1253"
"196",418,"yoku1256"
"197",342,"teni1238"
"198",168,"nort2952"
"199",208,"nezp1238"
"200",356,"sout2985"
"201",409,"wint1259"
"202",411,"wasc1239"
"203",113,"ines1240"
"204",95,"sout2956"
"205",150,"kute1249"
"206",344,"sali1253"
"207",377,"timu1245"
"208",429,"zuni1245"
"209",363,"take1257"
"210",412,"wiyo1248"
"211",428,"yuro1248"
"212",59,"plai1258"
"213",321,"ojib1241"
"214",27,"atak1252"
"215",331,"pawn1254"
"216",338,"quil1240"
"217",53,"chit1248"
"218",349,"sene1264"
"219",10,"west2632"
"220",132,"kiow1266"
"221",135,"koas1236"
"222",204,"nava1243"
"223",354,"nort2942"
"224",379,"tlin1245"
"225",76,"eyak1241"
"226",54,"choc1276"
"227",202,"natc1249"
"228",353,"shus1248"
"229",357,"squa1248"
"230",156,"lako1247"
"231",382,"tonk1249"
"232",88,"gitx1241"
"233",386,"tuni1252"
"234",19,"alse1251"
"235",166,"luis1253"
"236",385,"shos1248"
"237",328,"toho1245"
"238",332,"pipi1250"
"239",152,"kwak1269"
"240",317,"nuuc1236"
"241",422,"yuch1247"
"242",398,"wapp1239"
"243",50,"chic1272"
"244",186,"sanm1295"
"245",55,"high1242"
"246",106,"sand1278"
"247",184,"misk1235"
"248",185,"mixe1286"
"249",365,"pure1242"
"250",372,"hueh1236"
"251",388,"tzut1248"
"252",60,"cuit1236"
"253",326,"paez1247"
"254",90,"ngab1239"
"255",41,"cams1241"
"256",29,"asha1243"
"257",339,"resi1247"
"258",329,"paum1247"
"259",58,"cofa1242"
"260",42,"cand1248"
"261",352,"shua1257"
"262",414,"yagu1244"
"263",397,"waor1240"
"264",392,"urar1246"
"265",194,"muin1242"
"266",104,"hual1241"
"267",119,"jaqa1244"
"268",426,"yura1255"
"269",45,"cash1254"
"270",92,"puel1244"
"271",127,"qawa1238"
"272",176,"mapu1245"
"273",105,"huar1251"
"274",180,"wich1263"
"275",43,"cane1242"
"276",333,"pira1253"
"277",117,"iton1250"
"278",11,"aika1237"
"279",200,"sout2994"
"280",115,"iran1263"
"281",383,"trum1247"
"282",192,"movi1243"
"283",47,"cayu1262"
"284",89,"para1311"
"285",101,"hixk1239"
"286",348,"sanu1240"
"287",399,"wara1303"
"288",102,"hoti1237"
"289",375,"tibe1272"
"290",35,"belh1239"
"291",87,"stan1295"
"292",404,"warl1254"
"293",110,"icel1247"
"294",9,"achi1257"
"295",337,"kich1262"
"296",206,"nepa1254"
"297",99,"hind1269"
"298",169,"mait1250"
"299",361,"swah1253"
"300",49,"chec1245"
"301",154,"haka1240"
"302",175,"maor1246"
"303",86,"nucl1302"
"304",6,"ambu1247"
"305",112,"imon1245"
"306",179,"mart1255"
"307",147,"kuna1268"
"308",163,"lugb1240"
"309",177,"marg1265"
"310",355,"soma1255"
"311",144,"koyr1242"
"312",431,"berb1260"
"313",432,"coos1249"
"314",433,"gily1242"
"315",434,"west2414"
"316",435,"iris1253"
"317",437,"nort2921"
"318",438,"maib1239"
"319",440,"naas1242"
"320",441,"utes1238"
"321",442,"sius1254"
"322",443,"koyr1240"
"323",444,"west2515"
"324",454,"rama1270"
"325",455,"cent2127"
"326",456,"west2369"
"327",458,"adyg1241"
"328",459,"isth1244"
"329",460,"popt1235"
"330",461,"onei1249"
"331",463,"nucl1310"
"332",464,"mode1248"
"333",465,"mari1440"
"334",466,"sang1328"
"335",467,"paam1238"
"336",468,"newa1246"
"337",469,"awac1239"
"338",470,"akha1245"
"339",471,"colo1256"
"340",473,"remb1249"
"341",474,"high1276"
"342",475,"trio1238"
"343",476,"gali1262"
"344",477,"maca1260"
"345",479,"hoch1243"
"346",480,"aman1265"
"347",481,"svan1243"
"348",482,"warr1258"
"349",483,"lena1238"
"350",484,"mara1404"
"351",485,"nyul1247"
"352",486,"moun1252"
"353",487,"nang1262"
"354",488,"veng1238"
"355",489,"diii1241"
"356",490,"dann1241"
"357",491,"mala1537"
"358",492,"copa1236"
"359",493,"bara1380"
"360",494,"viet1252"
"361",495,"kron1241"
"362",496,"indo1316"
"363",497,"supy1237"
"364",498,"mezq1235"
"365",499,"buki1249"
"366",500,"hmon1264"
"367",501,"mani1292"
"368",502,"nucl1301"
"369",503,"yaqu1251"
"370",504,"greb1256"
"371",505,"daga1275"
"372",506,"maxa1247"
"373",507,"yaou1238"
"374",508,"yoku1256"
"375",509,"papa1238"
"376",510,"pitj1243"
"377",511,"kala1399"
"378",512,"apur1254"
"379",514,"cent2142"
"380",515,"bagi1246"
"381",516,"bamb1269"
"382",517,"bawm1236"
"383",518,"brah1256"
"384",519,"brib1243"
"385",520,"cahu1264"
"386",522,"nucl1649"
"387",523,"coma1245"
"388",524,"jola1263"
"389",525,"ekar1243"
"390",526,"epen1239"
"391",527,"even1259"
"392",528,"garo1247"
"393",529,"anci1244"
"394",530,"hunz1247"
"395",531,"nucl1417"
"396",532,"arhu1242"
"397",533,"imba1240"
"398",534,"iraq1241"
"399",535,"nucl1305"
"400",536,"hamt1247"
"401",538,"east2342"
"402",539,"kera1255"
"403",540,"khas1269"
"404",541,"khmu1256"
"405",542,"kili1267"
"406",543,"gilb1244"
"407",544,"kong1295"
"408",545,"bata1293"
"409",546,"koro1298"
"410",548,"lada1244"
"411",549,"latv1249"
"412",550,"lavu1241"
"413",551,"leal1235"
"414",552,"lepc1244"
"415",553,"luva1239"
"416",554,"maba1277"
"417",555,"maka1318"
"418",556,"mara1386"
"419",557,"nucl1622"
"420",558,"mund1320"
"421",559,"murl1244"
"422",561,"ngit1239"
"423",562,"chig1238"
"424",563,"male1292"
"425",564,"rapa1244"
"426",565,"onaa1245"
"427",566,"seme1247"
"428",567,"ship1254"
"429",568,"sout2982"
"430",569,"stan1288"
"431",570,"east2440"
"432",571,"cent2194"
"433",572,"tete1251"
"434",573,"unaa1239"
"435",574,"urub1250"
"436",575,"wamb1258"
"437",576,"wari1268"
"438",577,"wich1260"
"439",578,"muru1274"
"440",579,"kung1261"
"441",580,"yidi1250"
"442",581,"zulu1248"
"443",582,"abip1241"
"444",583,"hebr1245"
"445",585,"fiji1243"
"446",595,"nort2699"
"447",599,"chay1248"
"448",600,"pemo1248"
"449",603,"acol1236"
"450",604,"efik1245"
"451",605,"sout2784"
"452",606,"naro1249"
"453",608,"mari1278"
"454",609,"port1283"
"455",610,"west2348"
"456",611,"uigh1240"
"457",612,"cent2128"
"458",613,"stan1306"
"459",614,"cent1989"
"460",616,"coco1261"
"461",618,"alab1237"
"462",619,"huas1242"
"463",620,"arao1248"
"464",623,"mash1270"
"465",624,"cusc1236"
"466",625,"anga1288"
"467",626,"kinn1249"
"468",627,"tibe1272"
"469",628,"byan1241"
"470",629,"chan1310"
"471",630,"lhom1239"
"472",631,"balt1258"
"473",632,"wayu1241"
"474",633,"kash1277"
"475",634,"saur1249"
"476",635,"sant1410"
"477",636,"shin1264"
"478",637,"sout2734"
"479",638,"assa1263"
"480",639,"beng1280"
"481",640,"newa1246"
"482",641,"nucl1284"
"483",642,"egyp1253"
"484",643,"sout2778"
"485",644,"kari1255"
"486",645,"hata1243"
"487",646,"xokl1240"
"488",648,"boro1282"
"489",649,"jeri1242"
"490",650,"donn1238"
"491",651,"anii1246"
"492",652,"kxoe1243"
"493",653,"xooo1239"
"494",654,"nisg1240"
"495",655,"gunw1252"
"496",656,"koro1312"
"497",658,"yany1243"
"498",659,"kala1377"
"499",660,"band1339"
"500",661,"djee1236"
"501",662,"apat1240"
"502",663,"drun1238"
"503",664,"west2420"
"504",665,"yana1271"
"505",666,"coah1252"
"506",667,"thul1246"
"507",668,"yecu1235"
"508",669,"gras1249"
"509",670,"turk1303"
"510",672,"jin1260"
"511",673,"enap1235"
"512",674,"limb1266"
"513",675,"kaba1278"
"514",676,"khor1267"
"515",677,"swed1254"
"516",678,"bulg1262"
"517",679,"udmu1245"
"518",680,"mans1258"
"519",681,"khan1273"
"520",682,"yuca1254"
"521",683,"roma1327"
"522",685,"klam1254"
"523",686,"daha1245"
"524",687,"hopi1249"
"525",688,"cora1260"
"526",689,"lowl1265"
"527",690,"mana1288"
"528",691,"tibe1272"
"529",692,"nucl1327"
"530",693,"jama1261"
"531",694,"mesk1242"
"532",695,"cham1318"
"533",696,"wayu1243"
"534",697,"huau1238"
"535",699,"sans1269"
"536",700,"nort2671"
"537",701,"sout2674"
"538",702,"lule1254"
"539",703,"pite1240"
"540",704,"umes1235"
"541",705,"skol1241"
"542",706,"inar1241"
"543",707,"ters1235"
"544",708,"akka1237"
"545",709,"kild1236"
"546",710,"faro1244"
"547",711,"norw1259"
"548",712,"norw1258"
"549",713,"fore1265"
"550",714,"west2805"
"551",715,"scot1245"
"552",716,"nene1249"
"553",717,"komi1269"
"554",718,"nort2954"
"555",719,"kara1462"
"556",720,"kyer1238"
"557",722,"nort2722"
"558",723,"kham1282"
"559",724,"east2347"
"560",725,"ital1282"
"561",726,"stan1289"
"562",727,"camp1261"
"563",728,"kaik1246"
"564",729,"east2352"
"565",730,"thak1245"
"566",732,"etru1241"
"567",733,"tasm1247"
"568",734,"dale1238"
"569",735,"raji1240"
"570",736,"taki1248"
"571",737,"sali1295"
"572",738,"even1260"
"573",739,"kora1292"
"574",740,"kiku1240"
"575",741,"rund1242"
"576",742,"moro1285"
"577",743,"tira1254"
"578",744,"amas1236"
"579",745,"alng1239"
"580",746,"abuu1241"
"581",747,"jira1235"
"582",748,"azer1255"
"583",749,"bare1276"
"584",750,"cent2194"
"585",751,"beto1236"
"586",752,"damu1236"
"587",753,"damu1236"
"588",754,"bugu1246"
"589",755,"yind1248"
"590",756,"cane1242"
"591",757,"rogu1236"
"592",758,"chim1310"
"593",759,"cola1237"
"594",760,"come1251"
"595",761,"sout2986"
"596",762,"cuic1234"
"597",763,"nort2735"
"598",764,"atac1235"
"599",765,"opat1246"
"600",766,"fris1239"
"601",767,"galo1242"
"602",769,"cari1279"
"603",770,"hong1241"
"604",772,"inte1259"
"605",773,"nyun1247"
"606",774,"kara1289"
"607",775,"kaur1267"
"608",776,"main1275"
"609",777,"kott1239"
"610",778,"krio1252"
"611",779,"kual1252"
"612",780,"kwaz1243"
"613",781,"jord1238"
"614",782,"lule1238"
"615",783,"kuli1251"
"616",784,"maip1246"
"617",785,"yuhu1238"
"618",786,"rong1264"
"619",787,"mayk1239"
"620",788,"mbab1239"
"621",789,"damu1236"
"622",790,"moch1259"
"623",791,"mong1331"
"624",792,"zaca1241"
"625",793,"more1259"
"626",794,"poch1244"
"627",795,"ying1247"
"628",796,"puqu1242"
"629",797,"sout2991"
"630",798,"balk1252"
"631",799,""
"632",800,"sorb1249"
"633",801,"tasm1247"
"634",803,"tupi1274"
"635",804,"tzel1254"
"636",805,"uzbe1247"
"637",806,"warr1257"
"638",808,"wath1238"
"639",810,"ngaa1240"
"640",811,"woiw1237"
"641",812,"womo1238"
"642",813,"yort1237"
"643",814,"east2295"
"644",815,"yort1237"
"645",817,"yuru1243"
"646",818,"ghot1243"
"647",819,"afad1236"
"648",820,"abau1245"
"649",821,"bank1256"
"650",822,"west2630"
"651",823,"abid1235"
"652",824,"abaz1241"
"653",825,"acha1250"
"654",826,"achi1256"
"655",827,"akab1249"
"656",828,"achu1247"
"657",829,"akac1240"
"658",830,"meso1252"
"659",831,"acha1249"
"660",832,"achu1248"
"661",833,"hija1235"
"662",834,"cypr1248"
"663",835,"adio1239"
"664",836,"adam1238"
"665",837,"adny1235"
"666",838,"amdo1237"
"667",839,"tuni1259"
"668",840,"arge1236"
"669",841,"paaa1242"
"670",842,"gulf1241"
"671",843,"baha1259"
"672",844,"afri1274"
"673",845,"defa1248"
"674",846,"afar1241"
"675",847,"obok1239"
"676",848,"agar1252"
"677",849,"ango1254"
"678",850,"ngel1238"
"679",851,"anga1290"
"680",852,"aghe1239"
"681",853,"agua1253"
"682",854,"cent2084"
"683",855,"agua1252"
"684",856,"aghu1253"
"685",857,"aghu1255"
"686",858,"apro1235"
"687",859,"ahte1237"
"688",860,"aros1241"
"689",861,"ainu1251"
"690",862,"amar1272"
"691",863,"assy1241"
"692",864,"lish1245"
"693",865,"aari1239"
"694",866,"ajas1235"
"695",867,"ajie1238"
"696",868,"sout3123"
"697",869,"mpur1239"
"698",870,"akla1241"
"699",871,"arak1252"
"700",872,"akhv1239"
"701",873,"akak1252"
"702",875,"alla1248"
"703",876,"algo1255"
"704",877,"lari1255"
"705",878,"alun1238"
"706",879,"alut1245"
"707",880,"sout2694"
"708",881,"area1240"
"709",882,"amis1246"
"710",883,"alya1239"
"711",884,"amah1246"
"712",885,"yane1238"
"713",886,"hame1242"
"714",887,"amba1265"
"715",888,"amoo1242"
"716",889,"amar1274"
"717",890,"guer1243"
"718",891,"mara1386"
"719",892,"ngas1240"
"720",893,"xara1244"
"721",894,"nend1239"
"722",895,"andi1255"
"723",896,"goem1240"
"724",897,"obol1243"
"725",898,"ando1256"
"726",899,"jara1245"
"727",900,"anua1242"
"728",901,"anyi1245"
"729",902,"ango1258"
"730",903,"anin1240"
"731",904,"omie1241"
"732",905,"apal1257"
"733",906,"saaa1240"
"734",907,"nort3139"
"735",908,"athp1241"
"736",909,"jica1244"
"737",910,"mesc1238"
"738",911,"apin1244"
"739",912,"apuc1241"
"740",913,"arop1243"
"741",914,"west2615"
"742",915,"safe1240"
"743",916,"akaw1239"
"744",917,"arch1244"
"745",918,"arab1267"
"746",919,"west2441"
"747",921,"arik1262"
"748",922,"arab1268"
"749",923,"arap1274"
"750",924,"karo1305"
"751",925,"rikb1245"
"752",926,"arbo1245"
"753",927,"araw1276"
"754",928,"moro1292"
"755",929,"asut1235"
"756",930,"amer1248"
"757",931,"aust1271"
"758",932,"toca1235"
"759",933,"aral1243"
"760",934,"atsu1245"
"761",935,"anei1239"
"762",936,"astu1245"
"763",937,"aulu1238"
"764",938,"molm1235"
"765",939,"awyi1241"
"766",940,"awiy1238"
"767",941,"avat1244"
"768",942,"avar1256"
"769",943,"auuu1241"
"770",944,"avok1242"
"771",945,"awap1236"
"772",946,"awad1243"
"773",947,"aeky1238"
"774",948,"awng1244"
"775",949,"yaka1272"
"776",951,"liby1240"
"777",952,"sana1295"
"778",953,"ayor1240"
"779",954,"sout2697"
"780",955,"adze1240"
"781",956,"high1278"
"782",957,"basa1284"
"783",958,"bare1276"
"784",959,"tuki1240"
"785",960,"bani1255"
"786",961,"yemb1246"
"787",962,"waim1255"
"788",963,"bava1246"
"789",964,"bamb1266"
"790",965,"bamu1253"
"791",966,"tune1261"
"792",967,"baat1238"
"793",968,"bata1289"
"794",969,"bauu1244"
"795",970,"bats1242"
"796",971,"unea1237"
"797",972,"nort2819"
"798",973,"baba1268"
"799",974,"baou1238"
"800",975,"bard1255"
"801",976,"buna1275"
"802",977,"bann1247"
"803",978,"kalu1248"
"804",979,"benc1235"
"805",980,"kohu1244"
"806",981,"bana1305"
"807",982,"pamo1252"
"808",983,"bisl1239"
"809",984,"bade1248"
"810",985,"cent1972"
"811",986,"baka1274"
"812",987,"budu1248"
"813",988,"indo1317"
"814",989,"budu1265"
"815",990,"bahn1262"
"816",991,"buru1320"
"817",992,"orok1266"
"818",993,"bena1264"
"819",994,"beem1239"
"820",995,"bell1243"
"821",996,"beng1282"
"822",997,"guib1246"
"823",998,"beta1252"
"824",999,"jurm1239"
"825",1000,"bari1284"
"826",1001,"bafu1246"
"827",1002,"bada1257"
"828",1004,"gahr1239"
"829",1005,"bond1245"
"830",1006,"sout2642"
"831",1007,"bagr1243"
"832",1008,"bang1368"
"833",1009,"bhil1251"
"834",1010,"bina1277"
"835",1011,"bhoj1244"
"836",1012,"brit1235"
"837",1013,"bima1247"
"838",1014,"biak1248"
"839",1015,"badi1246"
"840",1016,"biss1248"
"841",1017,"bidi1241"
"842",1018,"biaf1240"
"843",1019,"bisu1244"
"844",1020,"bimo1239"
"845",1021,"bera1259"
"846",1022,"sara1326"
"847",1023,"bang1339"
"848",1024,"bahi1254"
"849",1025,"burj1242"
"850",1026,"binu1245"
"851",1027,"bala1302"
"852",1028,"baya1257"
"853",1029,"baka1272"
"854",1030,"binu1244"
"855",1031,"brok1247"
"856",1032,"biko1240"
"857",1033,"komc1235"
"858",1034,"baka1277"
"859",1035,"bilu1245"
"860",1036,"siks1238"
"861",1037,"boli1255"
"862",1038,"bilo1248"
"863",1039,"bala1310"
"864",1040,"bala1315"
"865",1041,"buru1306"
"866",1042,"bemb1257"
"867",1043,"cent2083"
"868",1044,"jama1261"
"869",1045,"bang1354"
"870",1046,"bant1286"
"871",1047,"bora1263"
"872",1048,"barb1263"
"873",1049,"nucl1695"
"874",1050,"bero1242"
"875",1051,"lowa1242"
"876",1053,"bong1285"
"877",1054,"tiey1235"
"878",1055,"kaur1271"
"879",1056,"bugi1244"
"880",1057,"bong1291"
"881",1058,"boko1266"
"882",1059,"busa1253"
"883",1060,"beng1239"
"884",1061,"lave1249"
"885",1062,"berb1259"
"886",1063,"baur1253"
"887",1064,"mokp1239"
"888",1065,"bara1361"
"889",1066,"boru1252"
"890",1067,"bret1244"
"891",1068,"east2332"
"892",1069,"west2397"
"893",1070,"bodo1269"
"894",1071,"bass1258"
"895",1072,"kati1270"
"896",1073,"baga1272"
"897",1074,"bais1246"
"898",1075,"basq1248"
"899",1076,"biat1246"
"900",1077,"bata1301"
"901",1078,"bata1292"
"902",1079,"beot1247"
"903",1080,"bush1247"
"904",1081,"buna1273"
"905",1082,"buku1249"
"906",1083,"bulu1251"
"907",1084,"tere1278"
"908",1085,"bura1292"
"909",1086,"bube1242"
"910",1087,"birr1240"
"911",1088,"bura1267"
"912",1089,"vlaa1235"
"913",1090,"dibo1245"
"914",1091,"bwek1238"
"915",1092,"boro1277"
"916",1093,"buli1254"
"917",1094,"bash1264"
"918",1095,"buri1258"
"919",1096,"puri1258"
"920",1097,"bili1260"
"921",1098,"baru1267"
"922",1099,"bali1278"
"923",1100,"boik1241"
"924",1101,"nica1252"
"925",1102,"buli1255"
"926",1103,"biri1256"
"927",1104,"braz1236"
"928",1105,"chor1273"
"929",1106,"gari1256"
"930",1107,"chuj1250"
"931",1108,"cadd1256"
"932",1109,"niva1238"
"933",1110,"caro1242"
"934",1111,"cemu1238"
"935",1112,"cham1313"
"936",1113,"chac1251"
"937",1114,"carr1249"
"938",1115,"mose1249"
"939",1116,"cavi1250"
"940",1117,"chiq1248"
"941",1118,"cayu1261"
"942",1119,"cara1272"
"943",1120,"cari1279"
"944",1121,"chib1270"
"945",1122,"chim1309"
"946",1123,"chac1249"
"947",1124,"chav1241"
"948",1125,"nyah1250"
"949",1126,"cash1251"
"950",1127,"cacu1241"
"951",1128,"coma1246"
"952",1129,"nort3189"
"953",1130,"chep1245"
"954",1131,"chau1259"
"955",1132,"mind1253"
"956",1133,"cebu1242"
"957",1134,"cher1273"
"958",1135,"cata1286"
"959",1136,"taba1266"
"960",1137,"chin1286"
"961",1138,"quio1240"
"962",1139,"chra1242"
"963",1140,"chol1284"
"964",1141,"chul1246"
"965",1142,"chey1247"
"966",1143,"chic1270"
"967",1144,"tiri1258"
"968",1145,"chit1275"
"969",1146,"west2650"
"970",1147,"chru1239"
"971",1148,"uppe1439"
"972",1149,"cham1309"
"973",1150,"east2563"
"974",1151,"ashe1273"
"975",1152,"cabe1245"
"976",1153,"shor1247"
"977",1154,"chua1250"
"978",1155,"cakc1235"
"979",1156,"khum1248"
"980",1157,"anuf1239"
"981",1158,"tayo1238"
"982",1159,"ronn1241"
"983",1160,"chal1275"
"984",1161,"idum1241"
"985",1162,"clal1241"
"986",1163,"lowl1260"
"987",1164,"embe1262"
"988",1166,"tepe1279"
"989",1167,"chic1271"
"990",1168,"coca1259"
"991",1169,"kore1283"
"992",1170,"colu1241"
"993",1171,"como1259"
"994",1172,"copt1239"
"995",1173,"wame1240"
"996",1174,"choc1279"
"997",1175,"pala1351"
"998",1176,"chip1261"
"999",1177,"lonw1238"
"1000",1178,"coeu1236"
"1001",1179,"cree1272"
"1002",1180,"mich1243"
"1003",1181,"crim1257"
"1004",1182,"cree1270"
"1005",1183,"corn1251"
"1006",1184,"crow1244"
"1007",1185,"iyoj1235"
"1008",1186,"sese1246"
"1009",1187,"kash1274"
"1010",1188,"asho1236"
"1011",1189,"coas1301"
"1012",1190,"chin1283"
"1013",1191,"cent2140"
"1014",1192,"soch1239"
"1015",1193,"siyi1240"
"1016",1194,"tata1258"
"1017",1195,"tedi1235"
"1018",1196,"chol1282"
"1019",1197,"embe1260"
"1020",1198,"west2644"
"1021",1199,"cuaa1241"
"1022",1200,"cube1242"
"1023",1201,"cuib1242"
"1024",1202,"culi1244"
"1025",1203,"cupe1243"
"1026",1204,"usil1237"
"1027",1205,"teut1235"
"1028",1206,"nopa1235"
"1029",1207,"czec1258"
"1030",1208,"dang1274"
"1031",1209,"nucl1683"
"1032",1210,"adyg1241"
"1033",1211,"adyg1241"
"1034",1212,"adyg1241"
"1035",1213,"dagb1246"
"1036",1214,"dayy1236"
"1037",1215,"darf1239"
"1038",1216,"sout3123"
"1039",1217,"teda1241"
"1040",1218,"aleu1260"
"1041",1219,"deni1241"
"1042",1220,"nyis1236"
"1043",1221,"nort3139"
"1044",1222,"nort3139"
"1045",1223,"nort3139"
"1046",1224,"nucl1235"
"1047",1225,"dars1235"
"1048",1226,"tait1250"
"1049",1227,"bava1246"
"1050",1228,"bava1246"
"1051",1229,"band1339"
"1052",1230,"band1339"
"1053",1231,"band1339"
"1054",1232,"band1339"
"1055",1233,"bari1284"
"1056",1234,"idaa1241"
"1057",1235,"basq1248"
"1058",1236,"basq1248"
"1059",1237,"basq1248"
"1060",1238,"basq1248"
"1061",1239,"basq1248"
"1062",1240,"basq1248"
"1063",1241,"basq1248"
"1064",1242,"basq1248"
"1065",1243,"basq1248"
"1066",1244,"basq1248"
"1067",1245,"cari1279"
"1068",1246,"cari1279"
"1069",1247,"minn1241"
"1070",1248,"minn1241"
"1071",1249,"minn1241"
"1072",1250,"minn1241"
"1073",1251,"mand1415"
"1074",1252,"chip1241"
"1075",1253,"west1510"
"1076",1254,"chal1275"
"1077",1255,"cree1270"
"1078",1256,"kash1274"
"1079",1257,"sout2986"
"1080",1258,"west2644"
"1081",1259,"blow1238"
"1082",1260,"kumi1248"
"1083",1261,"kumi1248"
"1084",1262,"jaru1254"
"1085",1263,"dido1241"
"1086",1264,"kami1255"
"1087",1265,"toro1252"
"1088",1266,"guad1242"
"1089",1267,"guad1242"
"1090",1268,"dhuw1249"
"1091",1270,"dutc1256"
"1092",1271,"dutc1256"
"1093",1272,"dege1246"
"1094",1273,"comm1246"
"1095",1274,"tuva1244"
"1096",1275,"deor1238"
"1097",1276,"desa1247"
"1098",1277,"east2534"
"1099",1278,"east2534"
"1100",1279,"east2534"
"1101",1280,"west2618"
"1102",1281,"kala1399"
"1103",1282,"kala1399"
"1104",1284,"cent2128"
"1105",1285,"cent2127"
"1106",1286,"cent2127"
"1107",1287,"shua1254"
"1108",1288,"even1259"
"1109",1289,"ewee1241"
"1110",1290,"adam1253"
"1111",1291,"pula1263"
"1112",1292,"west2454"
"1113",1293,"sout2789"
"1114",1294,"casi1235"
"1115",1295,"stan1295"
"1116",1296,"stan1295"
"1117",1297,"stan1295"
"1118",1298,"stan1295"
"1119",1299,"stan1295"
"1120",1300,"done1238"
"1121",1301,"muns1250"
"1122",1302,"gamo1243"
"1123",1303,"dawr1236"
"1124",1304,"cypr1249"
"1125",1305,"swis1247"
"1126",1306,"swis1247"
"1127",1307,"swis1247"
"1128",1308,"swis1247"
"1129",1309,"swis1247"
"1130",1310,"swis1247"
"1131",1311,"guah1255"
"1132",1312,"gour1243"
"1133",1313,"seba1251"
"1134",1314,"seba1251"
"1135",1315,"hebr1245"
"1136",1316,"dako1258"
"1137",1317,"dhim1246"
"1138",1318,"dhar1247"
"1139",1319,"dhur1239"
"1140",1320,"lako1244"
"1141",1321,"didi1258"
"1142",1322,"egaa1242"
"1143",1323,"dime1235"
"1144",1324,"indo1316"
"1145",1325,"indo1316"
"1146",1326,"dink1262"
"1147",1327,"dima1251"
"1148",1328,"fior1235"
"1149",1329,"ivat1242"
"1150",1330,"ding1239"
"1151",1331,"djam1255"
"1152",1332,"zarm1239"
"1153",1333,"djin1253"
"1154",1334,"ndyu1242"
"1155",1335,"djam1256"
"1156",1336,"kapr1245"
"1157",1337,"katc1249"
"1158",1338,"katc1249"
"1159",1339,"kirg1245"
"1160",1340,"kuma1273"
"1161",1341,"kalm1243"
"1162",1342,"kalm1243"
"1163",1343,"oira1263"
"1164",1344,"gami1243"
"1165",1345,"khor1269"
"1166",1346,"khor1269"
"1167",1348,"kenu1243"
"1168",1349,"vili1238"
"1169",1350,"komi1268"
"1170",1351,"dolg1241"
"1171",1352,"luba1249"
"1172",1353,"duma1253"
"1173",1354,"bath1244"
"1174",1355,"sanm1295"
"1175",1356,"doma1260"
"1176",1357,"mala1479"
"1177",1358,"mala1479"
"1178",1359,"mand1436"
"1179",1360,"mart1256"
"1180",1361,"mart1256"
"1181",1362,"mund1320"
"1182",1363,"nang1259"
"1183",1364,"ngar1235"
"1184",1365,"cent1990"
"1185",1366,"ngom1268"
"1186",1367,"ngaj1237"
"1187",1368,"ngaj1237"
"1188",1369,"gily1242"
"1189",1370,"noga1249"
"1190",1371,"noga1249"
"1191",1372,"noga1249"
"1192",1373,"nuuc1236"
"1193",1374,"diti1235"
"1194",1375,"dani1285"
"1195",1376,"tase1235"
"1196",1377,"tase1235"
"1197",1378,"dogr1250"
"1198",1379,"sain1246"
"1199",1380,"dong1290"
"1200",1381,"dual1243"
"1201",1382,"doya1240"
"1202",1383,"toho1245"
"1203",1385,"sout2991"
"1204",1387,"tega1236"
"1205",1388,"darm1243"
"1206",1389,"roma1326"
"1207",1390,"roma1326"
"1208",1391,"roma1326"
"1209",1392,"darl1243"
"1210",1393,"balk1252"
"1211",1394,"balk1252"
"1212",1395,"vlax1238"
"1213",1396,"vlax1238"
"1214",1397,"ruka1240"
"1215",1398,"mold1248"
"1216",1399,"dara1250"
"1217",1400,"dutc1253"
"1218",1401,"daas1238"
"1219",1403,"shos1248"
"1220",1404,"chad1249"
"1221",1405,"chad1249"
"1222",1406,"cana1258"
"1223",1407,"bosn1245"
"1224",1408,"stra1244"
"1225",1409,"stra1244"
"1226",1410,"stra1244"
"1227",1411,"stra1244"
"1228",1412,"stra1244"
"1229",1413,"suri1267"
"1230",1414,"suri1267"
"1231",1415,"nort2638"
"1232",1416,"daur1238"
"1233",1417,"tami1289"
"1234",1418,"tewa1260"
"1235",1419,"tewa1260"
"1236",1420,"taha1241"
"1237",1421,"taha1241"
"1238",1422,"jadd1243"
"1239",1423,"spit1240"
"1240",1424,"tibe1272"
"1241",1425,"tibe1272"
"1242",1427,"tigr1270"
"1243",1428,"taly1247"
"1244",1429,"taly1247"
"1245",1430,"tama1331"
"1246",1431,"tata1255"
"1247",1432,"tata1255"
"1248",1433,"tzel1254"
"1249",1434,"tzel1254"
"1250",1435,"cent2194"
"1251",1436,"duna1248"
"1252",1437,"huns1239"
"1253",1438,"dumb1241"
"1254",1439,"dumi1241"
"1255",1440,"dutc1256"
"1256",1441,"utes1238"
"1257",1444,"krym1236"
"1258",1445,"patw1248"
"1259",1446,"east2295"
"1260",1447,"east2295"
"1261",1448,"east2295"
"1262",1450,"djim1235"
"1263",1451,"yoku1256"
"1264",1452,"yoku1256"
"1265",1454,"dyul1238"
"1266",1455,"hava1248"
"1267",1456,"hava1248"
"1268",1457,"hava1248"
"1269",1458,"yulu1243"
"1270",1459,"dyaa1242"
"1271",1460,"copa1236"
"1272",1461,"zulu1248"
"1273",1462,"zulu1248"
"1274",1463,"bini1246"
"1275",1464,"eipo1242"
"1276",1465,"koti1238"
"1277",1466,"west2409"
"1278",1467,"tuva1244"
"1279",1468,"emai1241"
"1280",1469,"emba1238"
"1281",1470,"muss1246"
"1282",1471,"ital1282"
"1283",1472,"nort2972"
"1284",1473,"enge1239"
"1285",1474,"engg1245"
"1286",1475,"enga1252"
"1287",1476,"siee1239"
"1288",1477,"esee1248"
"1289",1478,"nort2945"
"1290",1479,"esse1238"
"1291",1480,"esto1258"
"1292",1482,"edol1239"
"1293",1483,"yekh1238"
"1294",1484,"ejag1239"
"1295",1485,"ewon1239"
"1296",1486,"fasu1242"
"1297",1487,"palo1243"
"1298",1488,"queb1245"
"1299",1489,"nobi1240"
"1300",1490,"kali1308"
"1301",1491,"fefe1239"
"1302",1492,"fonn1241"
"1303",1493,"foii1241"
"1304",1494,"fore1270"
"1305",1495,"sira1267"
"1306",1496,"ford1242"
"1307",1497,"guia1246"
"1308",1498,"west2354"
"1309",1499,"nort2626"
"1310",1500,"east2288"
"1311",1501,"nucl1594"
"1312",1502,"finn1310"
"1313",1503,"fren1243"
"1314",1504,"pula1263"
"1315",1505,"east2447"
"1316",1506,"pula1262"
"1317",1507,"west2454"
"1318",1508,"maas1239"
"1319",1509,"fuln1247"
"1320",1510,"furu1242"
"1321",1511,"nige1253"
"1322",1512,"fwai1237"
"1323",1513,"gaan1243"
"1324",1514,"gaaa1244"
"1325",1515,"guar1293"
"1326",1516,"gaga1249"
"1327",1517,"alek1238"
"1328",1518,"gads1258"
"1329",1519,"bora1271"
"1330",1520,"west2721"
"1331",1521,"band1352"
"1332",1522,"kara1476"
"1333",1523,"gale1259"
"1334",1524,"bodo1267"
"1335",1526,"gbar1246"
"1336",1527,"mali1284"
"1337",1528,"gude1246"
"1338",1529,"gudu1252"
"1339",1530,"laal1242"
"1340",1531,"ghod1238"
"1341",1532,"kire1240"
"1342",1533,"gade1242"
"1343",1534,"enya1247"
"1344",1535,"patp1243"
"1345",1536,"gura1252"
"1346",1537,"nort2702"
"1347",1538,"kenu1236"
"1348",1539,"guhu1244"
"1349",1540,"kitj1240"
"1350",1541,"gida1247"
"1351",1542,"hinu1240"
"1352",1543,"nort3047"
"1353",1544,"guja1252"
"1354",1545,"guja1253"
"1355",1546,"goka1239"
"1356",1547,"dhan1270"
"1357",1548,"gula1265"
"1358",1549,"gila1241"
"1359",1550,"gali1258"
"1360",1551,"gula1269"
"1361",1552,"guma1253"
"1362",1553,"gure1255"
"1363",1554,"guro1248"
"1364",1555,"play1240"
"1365",1556,"godi1239"
"1366",1557,"gogo1265"
"1367",1558,"gola1255"
"1368",1559,"cerm1238"
"1369",1560,"goro1270"
"1370",1561,"goro1259"
"1371",1562,"kist1241"
"1372",1563,"germ1281"
"1373",1564,"gree1271"
"1374",1565,"guat1253"
"1375",1566,"guaj1255"
"1376",1567,"guri1247"
"1377",1568,"guah1255"
"1378",1569,"east2555"
"1379",1570,"guam1248"
"1380",1571,"guay1257"
"1381",1572,"ache1246"
"1382",1573,"fare1241"
"1383",1574,"gour1243"
"1384",1575,"gusi1247"
"1385",1576,"guan1268"
"1386",1577,"guan1269"
"1387",1578,"goli1247"
"1388",1579,"kuku1273"
"1389",1580,"gavi1246"
"1390",1581,"guma1254"
"1391",1582,"kala1373"
"1392",1583,"gaww1239"
"1393",1584,"kwin1241"
"1394",1585,"weso1238"
"1395",1586,"nort2775"
"1396",1587,"garu1246"
"1397",1588,"gayo1244"
"1398",1589,"guny1241"
"1399",1590,"gura1251"
"1400",1592,"nort2938"
"1401",1593,"hakk1236"
"1402",1594,"hala1252"
"1403",1595,"hara1271"
"1404",1596,"hais1244"
"1405",1597,"hait1244"
"1406",1598,"hawa1247"
"1407",1599,"haya1250"
"1408",1600,"huic1243"
"1409",1601,"hehe1240"
"1410",1602,"heil1246"
"1411",1603,"hemb1242"
"1412",1604,"here1253"
"1413",1605,"lama1288"
"1414",1606,"hida1246"
"1415",1607,"hili1240"
"1416",1608,"hund1239"
"1417",1609,"hali1244"
"1418",1610,"halb1244"
"1419",1611,"hmar1241"
"1420",1612,"hani1248"
"1421",1613,"hanu1241"
"1422",1614,"hoav1238"
"1423",1615,"hooo1248"
"1424",1616,"holo1240"
"1425",1617,"hree1244"
"1426",1618,"hars1241"
"1427",1619,"mini1256"
"1428",1620,"huam1247"
"1429",1621,"hupa1239"
"1430",1622,"tsat1238"
"1431",1623,"halk1245"
"1432",1624,"muru1274"
"1433",1625,"sanm1287"
"1434",1626,"nupo1240"
"1435",1627,"sabu1255"
"1436",1628,"hawa1245"
"1437",1629,"iaai1238"
"1438",1630,"iatm1242"
"1439",1631,"iban1264"
"1440",1632,"ibib1240"
"1441",1633,"iwai1244"
"1442",1634,"iban1267"
"1443",1635,"icel1236"
"1444",1636,"idom1241"
"1445",1637,"bata1298"
"1446",1638,"teke1274"
"1447",1639,"ebir1243"
"1448",1640,"iged1239"
"1449",1641,"igna1246"
"1450",1642,"ihaa1241"
"1451",1643,"ilaa1246"
"1452",1644,"ilok1237"
"1453",1645,"anam1248"
"1454",1646,"inga1252"
"1455",1647,"dege1248"
"1456",1648,"indi1237"
"1457",1649,"iowa1245"
"1458",1650,"iqui1243"
"1459",1651,"irar1238"
"1460",1652,"isna1241"
"1461",1653,"ital1275"
"1462",1654,"iris1235"
"1463",1655,"nkem1242"
"1464",1656,"isra1236"
"1465",1657,"isok1239"
"1466",1658,"isek1239"
"1467",1659,"itaw1240"
"1468",1660,"itza1241"
"1469",1661,"iumi1238"
"1470",1662,"ivat1242"
"1471",1663,"iwam1256"
"1472",1664,"ixca1245"
"1473",1665,"ixil1251"
"1474",1666,"ingr1248"
"1475",1667,"izie1238"
"1476",1668,"jama1261"
"1477",1669,"yabe1254"
"1478",1670,"jama1262"
"1479",1671,"java1254"
"1480",1672,"yaqa1246"
"1481",1673,"jara1263"
"1482",1674,"aran1237"
"1483",1675,"djeo1235"
"1484",1676,"juku1254"
"1485",1677,"jebe1250"
"1486",1678,"jehh1245"
"1487",1679,"yeii1239"
"1488",1680,"yelm1242"
"1489",1681,"mane1266"
"1490",1682,"jeha1242"
"1491",1683,"toll1241"
"1492",1684,"jino1236"
"1493",1685,"yamd1240"
"1494",1686,"jang1254"
"1495",1687,"yems1235"
"1496",1688,"japr1238"
"1497",1689,"japa1238"
"1498",1690,"jurc1239"
"1499",1691,"juan1238"
"1500",1692,"hupd1244"
"1501",1693,"juru1256"
"1502",1694,"core1262"
"1503",1695,"kara1467"
"1504",1696,"chag1250"
"1505",1697,"kara1482"
"1506",1698,"kala1400"
"1507",1699,"xaas1235"
"1508",1700,"bezh1248"
"1509",1701,"capa1241"
"1510",1702,"kase1253"
"1511",1703,"kawa1283"
"1512",1704,"kama1373"
"1513",1705,"kaza1248"
"1514",1706,"kadi1248"
"1515",1707,"kane1243"
"1516",1708,"kabi1261"
"1517",1709,"kama1370"
"1518",1710,"kafa1242"
"1519",1711,"dera1245"
"1520",1712,"apma1241"
"1521",1713,"tyap1238"
"1522",1714,"kala1384"
"1523",1715,"kela1255"
"1524",1716,"nubi1253"
"1525",1717,"katl1237"
"1526",1718,"kaia1245"
"1527",1719,"kami1256"
"1528",1720,"kete1252"
"1529",1721,"mako1251"
"1530",1722,"temm1241"
"1531",1723,"kara1483"
"1532",1724,"kago1247"
"1533",1725,"kirg1245"
"1534",1726,"kara1464"
"1535",1727,"east1472"
"1536",1728,"khan1278"
"1537",1729,"keii1239"
"1538",1730,"kekc1242"
"1539",1731,"keny1279"
"1540",1732,"kukn1238"
"1541",1733,"koda1255"
"1542",1734,"kond1295"
"1543",1736,"koya1251"
"1544",1737,"kork1243"
"1545",1738,"kuma1273"
"1546",1739,"kusu1250"
"1547",1740,"kaiw1246"
"1548",1741,"kain1272"
"1549",1742,"kamo1255"
"1550",1743,"abun1252"
"1551",1744,"kumb1268"
"1552",1745,"kura1250"
"1553",1746,"luuu1242"
"1554",1747,"badi1247"
"1555",1748,"lusi1240"
"1556",1749,"kuoo1238"
"1557",1750,"khar1287"
"1558",1751,"khva1239"
"1559",1752,"khow1242"
"1560",1753,"kimm1246"
"1561",1754,"kick1244"
"1562",1755,"kits1249"
"1563",1756,"kamb1297"
"1564",1757,"kete1254"
"1565",1758,"huba1236"
"1566",1759,"nucl1379"
"1567",1760,"qanj1241"
"1568",1761,"coas1295"
"1569",1762,"kisa1266"
"1570",1763,"khak1248"
"1571",1764,"kunj1245"
"1572",1765,"pwoe1235"
"1573",1766,"kash1280"
"1574",1767,"gela1261"
"1575",1768,"kagu1239"
"1576",1769,"koko1269"
"1577",1770,"kosa1249"
"1578",1771,"teke1280"
"1579",1772,"gugu1255"
"1580",1773,"kili1268"
"1581",1774,"gami1243"
"1582",1775,"kulu1253"
"1583",1776,"nand1264"
"1584",1777,"rumu1243"
"1585",1778,"khal1275"
"1586",1779,"kala1372"
"1587",1780,"klao1243"
"1588",1781,"konn1242"
"1589",1782,"kala1397"
"1590",1784,"kwom1262"
"1591",1785,"kemt1242"
"1592",1786,"kank1243"
"1593",1787,"west2635"
"1594",1788,"konk1267"
"1595",1789,"kana1291"
"1596",1790,"kany1247"
"1597",1791,"kaci1244"
"1598",1792,"cogu1240"
"1599",1793,"komo1260"
"1600",1795,"kols1241"
"1601",1796,"konk1269"
"1602",1797,"lagw1237"
"1603",1798,"koyu1237"
"1604",1799,"curr1243"
"1605",1800,"kpel1252"
"1606",1801,"kapi1249"
"1607",1802,"kara1500"
"1608",1803,"kpan1246"
"1609",1804,"koho1244"
"1610",1805,"ikpo1238"
"1611",1806,"kora1294"
"1612",1807,"kara1474"
"1613",1808,"kory1246"
"1614",1809,"kups1238"
"1615",1810,"koit1244"
"1616",1812,"kyer1238"
"1617",1813,"kere1280"
"1618",1814,"kare1335"
"1619",1815,"gbay1288"
"1620",1816,"kryt1240"
"1621",1817,"sham1280"
"1622",1818,"bafi1243"
"1623",1819,"kosr1238"
"1624",1820,"kumy1244"
"1625",1821,"kwaa1269"
"1626",1823,"winy1241"
"1627",1824,"keda1252"
"1628",1825,"koka1244"
"1629",1826,"kalk1246"
"1630",1827,"kari1311"
"1631",1828,"kuot1243"
"1632",1829,"kitu1246"
"1633",1830,"east1236"
"1634",1831,"kato1244"
"1635",1832,"juho1239"
"1636",1833,"bord1248"
"1637",1834,"gwic1235"
"1638",1835,"kuma1280"
"1639",1836,"kuni1267"
"1640",1837,"kari1317"
"1641",1838,"uppe1438"
"1642",1839,"kunz1244"
"1643",1840,"bagv1239"
"1644",1841,"kuii1252"
"1645",1842,"kore1273"
"1646",1843,"kuru1302"
"1647",1844,"dobe1238"
"1648",1845,"kola1285"
"1649",1846,"daww1239"
"1650",1847,"kwai1243"
"1651",1848,"nucl1595"
"1652",1849,"kwan1273"
"1653",1850,"kair1263"
"1654",1851,"kuvi1243"
"1655",1852,"kyak1244"
"1656",1853,"kara1487"
"1657",1854,"keng1240"
"1658",1855,"bara1370"
"1659",1856,"west2466"
"1660",1857,"daak1235"
"1661",1858,"kela1258"
"1662",1859,"coas1294"
"1663",1860,"lamb1271"
"1664",1861,"laca1243"
"1665",1862,"patt1248"
"1666",1863,"lafo1243"
"1667",1864,"lang1320"
"1668",1865,"lauj1238"
"1669",1866,"arib1241"
"1670",1867,"lakk1238"
"1671",1868,"tina1246"
"1672",1869,"lave1248"
"1673",1870,"lach1248"
"1674",1871,"lamu1254"
"1675",1872,"lard1243"
"1676",1873,"luch1239"
"1677",1874,"tung1290"
"1678",1875,"lega1249"
"1679",1876,"lend1245"
"1680",1877,"lyel1241"
"1681",1878,"lele1264"
"1682",1879,"leng1262"
"1683",1880,"lese1243"
"1684",1881,"kara1486"
"1685",1882,"ledo1238"
"1686",1883,"luan1263"
"1687",1884,"long1395"
"1688",1885,"laha1250"
"1689",1886,"ital1282"
"1690",1887,"lill1248"
"1691",1888,"ling1263"
"1692",1889,"lisu1250"
"1693",1890,"lith1251"
"1694",1891,"livv1244"
"1695",1892,"band1344"
"1696",1893,"lamp1243"
"1697",1894,"pari1256"
"1698",1895,"ladi1250"
"1699",1896,"lele1276"
"1700",1897,"nort2836"
"1701",1898,"lauu1247"
"1702",1899,"peve1243"
"1703",1900,"hano1246"
"1704",1901,"lamb1269"
"1705",1902,"lake1258"
"1706",1903,"mbal1255"
"1707",1904,"occi1239"
"1708",1905,"lund1271"
"1709",1906,"lobi1245"
"1710",1907,"logo1259"
"1711",1908,"louu1245"
"1712",1909,"loko1255"
"1713",1910,"loma1260"
"1714",1911,"loni1238"
"1715",1912,"lozi1239"
"1716",1913,"nort2645"
"1717",1914,"lush1249"
"1718",1915,"leti1246"
"1719",1916,"luba1249"
"1720",1917,"luba1250"
"1721",1918,"onto1237"
"1722",1919,"luok1236"
"1723",1920,"lush1252"
"1724",1921,"luxe1241"
"1725",1922,"luyi1234"
"1726",1923,"lund1266"
"1727",1924,"luwo1239"
"1728",1925,"lewo1242"
"1729",1926,"lazz1240"
"1730",1927,"nort2951"
"1731",1928,"east2328"
"1732",1929,"mank1251"
"1733",1930,"chiq1250"
"1734",1931,"ngil1242"
"1735",1932,"mamp1244"
"1736",1933,"mayo1264"
"1737",1934,"cent2144"
"1738",1935,"west2555"
"1739",1936,"macu1259"
"1740",1937,"mola1238"
"1741",1938,"nade1244"
"1742",1939,"maca1259"
"1743",1940,"mala1522"
"1744",1941,"mais1250"
"1745",1942,"nuka1242"
"1746",1943,"mati1250"
"1747",1944,"mari1435"
"1748",1945,"mach1267"
"1749",1946,"shar1245"
"1750",1947,"mats1244"
"1751",1948,"mapo1246"
"1752",1949,"maqu1238"
"1753",1950,"mala1533"
"1754",1951,"masa1322"
"1755",1952,"coat1238"
"1756",1953,"maka1304"
"1757",1954,"meny1245"
"1758",1955,"mada1282"
"1759",1956,"mbum1254"
"1760",1957,"moks1248"
"1761",1958,"magu1243"
"1762",1959,"mamv1243"
"1763",1960,"mang1394"
"1764",1961,"sout2785"
"1765",1962,"mbol1247"
"1766",1963,"mber1257"
"1767",1964,"male1284"
"1768",1965,"mara1385"
"1769",1966,"mido1240"
"1770",1967,"meya1236"
"1771",1968,"meke1243"
"1772",1969,"cent2101"
"1773",1970,"motu1246"
"1774",1971,"mann1248"
"1775",1972,"hass1238"
"1776",1973,"meno1252"
"1777",1974,"mbaa1245"
"1778",1975,"mori1278"
"1779",1976,"wand1278"
"1780",1977,"mand1419"
"1781",1978,"mend1266"
"1782",1979,"moru1253"
"1783",1980,"makl1246"
"1784",1981,"male1289"
"1785",1983,"mamb1296"
"1786",1984,"mail1248"
"1787",1985,"matu1259"
"1788",1986,"mbug1240"
"1789",1987,"besi1244"
"1790",1988,"madi1260"
"1791",1989,"madu1247"
"1792",1990,"mung1266"
"1793",1991,"moss1236"
"1794",1992,"mand1442"
"1795",1993,"mand1446"
"1796",1994,"mehr1241"
"1797",1995,"marm1234"
"1798",1996,"maru1249"
"1799",1997,"maan1238"
"1800",1998,"morm1235"
"1801",1999,"miam1252"
"1802",2000,"atat1238"
"1803",2001,"mikm1235"
"1804",2002,"nucl1706"
"1805",2003,"ocot1243"
"1806",2004,"mofu1248"
"1807",2005,"sanm1295"
"1808",2006,"chay1249"
"1809",2007,"mika1239"
"1810",2008,"peno1244"
"1811",2009,"alac1244"
"1812",2010,"pino1237"
"1813",2011,"ayut1236"
"1814",2012,"coat1241"
"1815",2013,"sanj1281"
"1816",2014,"manx1243"
"1817",2015,"manc1252"
"1818",2016,"tuuu1240"
"1819",2017,"kimm1245"
"1820",2018,"matu1261"
"1821",2019,"mala1464"
"1822",2020,"karb1241"
"1823",2021,"shek1243"
"1824",2022,"mawc1242"
"1825",2023,"miya1266"
"1826",2024,"mace1250"
"1827",2025,"sila1250"
"1828",2027,"malo1243"
"1829",2028,"mana1298"
"1830",2029,"mogh1245"
"1831",2030,"mula1253"
"1832",2031,"barg1252"
"1833",2032,"west2500"
"1834",2033,"malt1254"
"1835",2034,"toab1237"
"1836",2035,"motl1237"
"1837",2036,"nyan1301"
"1838",2037,"maee1241"
"1839",2038,"mama1275"
"1840",2039,"mamm1241"
"1841",2040,"miga1249"
"1842",2041,"mbul1263"
"1843",2042,"umbu1257"
"1844",2043,"east2333"
"1845",2044,"east2426"
"1846",2045,"moki1238"
"1847",2046,"renn1242"
"1848",2047,"monn1252"
"1849",2048,"mani1235"
"1850",2049,"moni1261"
"1851",2050,"moco1246"
"1852",2051,"mont1268"
"1853",2052,"mahi1248"
"1854",2053,"mong1342"
"1855",2054,"moha1258"
"1856",2055,"moro1289"
"1857",2056,"mong1338"
"1858",2057,"mono1275"
"1859",2058,"mopa1243"
"1860",2059,"bari1297"
"1861",2060,"moha1256"
"1862",2061,"shek1244"
"1863",2062,"muku1242"
"1864",2063,"maja1242"
"1865",2064,"mart1256"
"1866",2065,"mbar1260"
"1867",2066,"yoso1239"
"1868",2067,"mati1255"
"1869",2068,"dadi1250"
"1870",2069,"mina1268"
"1871",2070,"mama1276"
"1872",2071,"maga1260"
"1873",2072,"west2600"
"1874",2073,"mang1405"
"1875",2074,"mlab1235"
"1876",2075,"west2418"
"1877",2076,"misi1242"
"1878",2077,"mara1382"
"1879",2078,"west2392"
"1880",2079,"chek1238"
"1881",2080,"nort2845"
"1882",2081,"mara1378"
"1883",2082,"nucl1440"
"1884",2083,"made1252"
"1885",2084,"nucl1452"
"1886",2085,"maka1311"
"1887",2086,"muso1238"
"1888",2087,"arua1260"
"1889",2088,"mono1273"
"1890",2089,"muri1260"
"1891",2090,"mbee1250"
"1892",2091,"toto1305"
"1893",2092,"muon1246"
"1894",2093,"mund1325"
"1895",2094,"musg1254"
"1896",2095,"mund1326"
"1897",2096,"nucl1240"
"1898",2097,"mund1327"
"1899",2098,"murs1242"
"1900",2099,"mana1295"
"1901",2100,"matt1238"
"1902",2101,"mamm1241"
"1903",2102,"peri1253"
"1904",2103,"mina1269"
"1905",2104,"mudb1240"
"1906",2105,"mwer1248"
"1907",2106,"ment1249"
"1908",2107,"hmon1333"
"1909",2108,"miju1243"
"1910",2109,"nucl1458"
"1911",2110,"tlah1239"
"1912",2111,"jami1235"
"1913",2112,"mada1293"
"1914",2113,"maho1249"
"1915",2114,"nige1255"
"1916",2115,"mbay1241"
"1917",2116,"myen1241"
"1918",2117,"meen1242"
"1919",2118,"muna1247"
"1920",2119,"mund1330"
"1921",2120,"erzy1239"
"1922",2121,"muyu1244"
"1923",2122,"macu1260"
"1924",2123,"tumz1238"
"1925",2124,"wich1264"
"1926",2125,"mars1254"
"1927",2126,"maza1291"
"1928",2127,"naba1256"
"1929",2128,"naga1394"
"1930",2129,"guer1241"
"1931",2130,"west2624"
"1932",2131,"naka1262"
"1933",2132,"nali1244"
"1934",2133,"nang1259"
"1935",2134,"napu1241"
"1936",2135,"isth1242"
"1937",2136,"narr1259"
"1938",2137,"chan1313"
"1939",2138,"naxi1245"
"1940",2139,"maon1238"
"1941",2140,"ngar1235"
"1942",2141,"ngur1261"
"1943",2142,"sout2689"
"1944",2143,"yale1246"
"1945",2144,"nort2957"
"1946",2145,"mich1245"
"1947",2146,"chum1261"
"1948",2147,"ndon1254"
"1949",2148,"samb1305"
"1950",2149,"ndun1249"
"1951",2150,"ndut1239"
"1952",2151,"ndog1248"
"1953",2152,"kuma1276"
"1954",2153,"negi1245"
"1955",2154,"sout2808"
"1956",2155,"neng1238"
"1957",2156,"nafa1258"
"1958",2157,"ngba1285"
"1959",2158,"ngom1268"
"1960",2159,"ngem1255"
"1961",2160,"ngiz1242"
"1962",2161,"ngal1292"
"1963",2162,"orok1266"
"1964",2163,"ngon1269"
"1965",2164,"bouy1240"
"1966",2165,"beng1286"
"1967",2166,"cent2132"
"1968",2167,"isth1241"
"1969",2168,"noon1243"
"1970",2169,"ngan1295"
"1971",2170,"niel1243"
"1972",2171,"nyih1240"
"1973",2172,"ngan1291"
"1974",2173,"nias1242"
"1975",2174,"niue1239"
"1976",2175,"ning1273"
"1977",2176,"noct1238"
"1978",2177,"loth1237"
"1979",2178,"aona1235"
"1980",2179,"ngad1258"
"1981",2180,"inpu1234"
"1982",2181,"nkon1245"
"1983",2182,"nuku1260"
"1984",2183,"gela1263"
"1985",2184,"bign1238"
"1986",2185,"ndum1239"
"1987",2186,"tang1336"
"1988",2187,"kwas1243"
"1989",2188,"nort2867"
"1990",2189,"nank1250"
"1991",2190,"nami1256"
"1992",2191,"nant1249"
"1993",2192,"woun1238"
"1994",2193,"noga1249"
"1995",2194,"laoo1244"
"1996",2195,"noma1263"
"1997",2196,"narp1239"
"1998",2197,"neap1235"
"1999",2198,"ngar1287"
"2000",2199,"naro1251"
"2001",2201,"naur1243"
"2002",2202,"lala1268"
"2003",2203,"nsen1242"
"2004",2204,"nask1242"
"2005",2205,"norw1255"
"2006",2206,"sumi1235"
"2007",2207,"neha1247"
"2008",2208,"lamn1239"
"2009",2209,"nort2968"
"2010",2210,"nise1244"
"2011",2211,"ngaa1240"
"2012",2212,"nate1242"
"2013",2213,"ntom1248"
"2014",2214,"nort2959"
"2015",2215,"nusu1239"
"2016",2216,"niua1240"
"2017",2217,"nung1282"
"2018",2218,"nupe1254"
"2019",2219,"nuer1246"
"2020",2220,"nung1283"
"2021",2221,"nort2784"
"2022",2222,"mehe1243"
"2023",2223,"sout2869"
"2024",2224,"ngad1261"
"2025",2225,"ngaw1240"
"2026",2226,"nyan1308"
"2027",2227,"chew1246"
"2028",2228,"nyam1277"
"2029",2229,"nyan1307"
"2030",2230,"nyan1313"
"2031",2231,"nyor1246"
"2032",2232,"nyun1247"
"2033",2233,"nyaw1247"
"2034",2234,"nyam1276"
"2035",2235,"nzak1247"
"2036",2236,"zeme1240"
"2037",2237,"newz1236"
"2038",2238,"orok1265"
"2039",2239,"oroc1248"
"2040",2240,"ocai1244"
"2041",2241,"atzi1235"
"2042",2242,"ogbi1239"
"2043",2243,"ogbr1243"
"2044",2244,"east2542"
"2045",2245,"seve1240"
"2046",2246,"okan1243"
"2047",2247,"okuu1243"
"2048",2248,"omah1247"
"2049",2249,"east2443"
"2050",2250,"omag1248"
"2051",2251,"oloo1241"
"2052",2252,"onon1246"
"2053",2253,"onoo1246"
"2054",2254,"orej1242"
"2055",2255,"orok1269"
"2056",2256,"orok1267"
"2057",2257,"adiv1239"
"2058",2258,"ormu1247"
"2059",2259,"osag1243"
"2060",2260,"ixte1237"
"2061",2261,"east2556"
"2062",2262,"quer1236"
"2063",2263,"otor1240"
"2064",2264,"taga1278"
"2065",2265,"waya1270"
"2066",2266,"oyyy1238"
"2067",2267,"pare1272"
"2068",2268,"paco1243"
"2069",2269,"papi1253"
"2070",2270,"pali1279"
"2071",2271,"pana1305"
"2072",2272,"pech1241"
"2073",2273,"mezo1235"
"2074",2274,"coyo1236"
"2075",2275,"park1239"
"2076",2276,"pang1287"
"2077",2277,"cent2145"
"2078",2278,"shwe1236"
"2079",2279,"duru1236"
"2080",2280,"pait1244"
"2081",2281,"nige1257"
"2082",2282,"tokp1240"
"2083",2283,"pado1242"
"2084",2284,"peng1244"
"2085",2285,"bona1250"
"2086",2286,"nort2966"
"2087",2289,"taji1245"
"2088",2290,"pagu1249"
"2089",2291,"pima1248"
"2090",2293,"piar1243"
"2091",2294,"ping1243"
"2092",2295,"powh1243"
"2093",2296,"piap1246"
"2094",2297,"pero1241"
"2095",2298,"dali1242"
"2096",2299,"pira1254"
"2097",2300,"pitt1247"
"2098",2301,"pint1250"
"2099",2302,"pile1238"
"2100",2303,"paka1251"
"2101",2304,"poko1263"
"2102",2305,"paki1242"
"2103",2306,"pila1245"
"2104",2307,"paul1238"
"2105",2308,"olut1240"
"2106",2309,"pala1344"
"2107",2310,"pamp1243"
"2108",2311,"ital1282"
"2109",2312,"tuam1242"
"2110",2313,"plai1259"
"2111",2314,"pang1290"
"2112",2315,"panj1256"
"2113",2316,"pany1241"
"2114",2317,"poqo1253"
"2115",2318,"poqo1254"
"2116",2319,"poqo1253"
"2117",2320,"sanj1285"
"2118",2321,"akwa1248"
"2119",2322,"cent2138"
"2120",2323,"sayu1241"
"2121",2324,"pota1247"
"2122",2325,"uppe1455"
"2123",2326,"pola1255"
"2124",2327,"pogo1243"
"2125",2328,"umaa1242"
"2126",2329,"folo1238"
"2127",2330,"poli1260"
"2128",2331,"prin1242"
"2129",2332,"para1301"
"2130",2333,"pras1239"
"2131",2334,"dari1249"
"2132",2335,"fran1260"
"2133",2336,"asue1235"
"2134",2337,"plai1235"
"2135",2338,"port1277"
"2136",2339,"kaul1240"
"2137",2340,"cent1973"
"2138",2341,"pate1247"
"2139",2342,"bamb1270"
"2140",2343,"puin1248"
"2141",2344,"puoc1238"
"2142",2345,"pulu1242"
"2143",2346,"gapa1238"
"2144",2347,"pwon1235"
"2145",2348,"fyam1238"
"2146",2349,"huay1239"
"2147",2351,"qima1242"
"2148",2352,"nort2980"
"2149",2353,"kach1279"
"2150",2354,"kuuk1238"
"2151",2355,"wadj1254"
"2152",2356,"kamu1258"
"2153",2357,"caja1238"
"2154",2358,"colo1257"
"2155",2359,"ayac1239"
"2156",2360,"caml1239"
"2157",2361,"rade1240"
"2158",2362,"rian1263"
"2159",2363,"raoo1244"
"2160",2364,"rawa1265"
"2161",2365,"reja1240"
"2162",2366,"rend1243"
"2163",2367,"reng1252"
"2164",2368,"roma1326"
"2165",2369,"tari1263"
"2166",2370,"nyat1246"
"2167",2371,"rita1239"
"2168",2372,"sint1235"
"2169",2373,"doma1258"
"2170",2374,"wels1246"
"2171",2375,"nort2994"
"2172",2376,"roma1329"
"2173",2377,"rong1268"
"2174",2378,"roto1249"
"2175",2379,"krio1252"
"2176",2380,"bilb1242"
"2177",2381,"rung1258"
"2178",2382,"waim1251"
"2179",2383,"russ1255"
"2180",2384,"rata1244"
"2181",2385,"rotu1241"
"2182",2386,"kiny1244"
"2183",2387,"rovi1238"
"2184",2388,"rutu1240"
"2185",2389,"bela1254"
"2186",2390,"rawo1244"
"2187",2391,"rawa1267"
"2188",2392,"bugl1243"
"2189",2393,"selk1253"
"2190",2394,"sang1336"
"2191",2395,"ngam1268"
"2192",2396,"kele1258"
"2193",2397,"shab1252"
"2194",2398,"subi1246"
"2195",2399,"stod1241"
"2196",2400,"dong1285"
"2197",2401,"shin1264"
"2198",2402,"sher1255"
"2199",2403,"tora1261"
"2200",2404,"savi1242"
"2201",2405,"sema1269"
"2202",2406,"buka1257"
"2203",2407,"sher1257"
"2204",2408,"sema1266"
"2205",2409,"seda1262"
"2206",2410,"ceba1235"
"2207",2411,"nucl1396"
"2208",2412,"seri1257"
"2209",2413,"sele1250"
"2210",2414,"serr1255"
"2211",2415,"seco1241"
"2212",2416,"shug1248"
"2213",2417,"sang1316"
"2214",2418,"surs1246"
"2215",2419,"nina1238"
"2216",2420,"shon1251"
"2217",2421,"tach1250"
"2218",2422,"shat1244"
"2219",2423,"shil1265"
"2220",2424,"shah1254"
"2221",2425,"sheh1240"
"2222",2426,"tach1249"
"2223",2427,"siam1242"
"2224",2428,"sion1247"
"2225",2429,"sioo1240"
"2226",2430,"sikk1242"
"2227",2431,"cent2092"
"2228",2432,"siwi1239"
"2229",2433,"shan1277"
"2230",2434,"siar1238"
"2231",2435,"shaw1249"
"2232",2436,"saek1240"
"2233",2437,"siku1242"
"2234",2438,"sika1262"
"2235",2439,"saka1289"
"2236",2440,"nucl1634"
"2237",2441,"sout2959"
"2238",2442,"sali1298"
"2239",2443,"sout2965"
"2240",2444,"slov1269"
"2241",2445,"sala1264"
"2242",2446,"sela1259"
"2243",2447,"slov1268"
"2244",2448,"sela1260"
"2245",2449,"maya1282"
"2246",2450,"kamb1299"
"2247",2451,"samo1303"
"2248",2452,"sime1241"
"2249",2453,"sina1266"
"2250",2454,"sind1272"
"2251",2455,"noon1242"
"2252",2456,"sinh1246"
"2253",2457,"dhiv1236"
"2254",2458,"soni1259"
"2255",2459,"sian1257"
"2256",2460,"sang1333"
"2257",2461,"saba1265"
"2258",2462,"sobe1238"
"2259",2463,"song1303"
"2260",2464,"sons1242"
"2261",2465,"ladi1251"
"2262",2466,"spok1245"
"2263",2467,"sapo1253"
"2264",2468,"sapu1248"
"2265",2469,"soqo1240"
"2266",2470,"sora1254"
"2267",2471,"croa1245"
"2268",2472,"siri1274"
"2269",2473,"isir1237"
"2270",2474,"sara1340"
"2271",2475,"sran1240"
"2272",2476,"siri1273"
"2273",2477,"sars1236"
"2274",2478,"pedi1238"
"2275",2479,"siro1249"
"2276",2480,"bala1311"
"2277",2481,"thao1240"
"2278",2482,"west2465"
"2279",2483,"waat1238"
"2280",2484,"sout2807"
"2281",2485,"span1263"
"2282",2486,"sina1271"
"2283",2487,"saho1246"
"2284",2488,"natu1249"
"2285",2489,"bulo1242"
"2286",2490,"ston1242"
"2287",2491,"stra1244"
"2288",2492,"suku1261"
"2289",2493,"susu1250"
"2290",2494,"suki1245"
"2291",2495,"maya1285"
"2292",2496,"assa1269"
"2293",2497,"sund1252"
"2294",2498,"mwag1236"
"2295",2499,"sulu1241"
"2296",2500,"savo1255"
"2297",2501,"maor1244"
"2298",2502,"suii1243"
"2299",2503,"swed1236"
"2300",2505,"swat1243"
"2301",2506,"lowg1239"
"2302",2507,"seng1278"
"2303",2508,"suab1238"
"2304",2509,"sawa1247"
"2305",2510,"lowe1425"
"2306",2511,"taba1259"
"2307",2512,"lowl1265"
"2308",2513,"tari1256"
"2309",2514,"tapi1253"
"2310",2515,"tamp1252"
"2311",2516,"nucl1696"
"2312",2517,"nort1550"
"2313",2518,"taab1238"
"2314",2519,"cent2131"
"2315",2520,"tatu1247"
"2316",2521,"atay1247"
"2317",2522,"kaki1249"
"2318",2523,"nort2920"
"2319",2524,"thur1254"
"2320",2525,"gaam1241"
"2321",2526,"tbol1240"
"2322",2527,"tuba1279"
"2323",2528,"tagb1258"
"2324",2529,"taba1263"
"2325",2530,"ticu1245"
"2326",2531,"tana1290"
"2327",2532,"dato1239"
"2328",2533,"tama1336"
"2329",2534,"turk1304"
"2330",2535,"torr1261"
"2331",2536,"tami1289"
"2332",2537,"telu1262"
"2333",2538,"toda1252"
"2334",2539,"tulu1258"
"2335",2540,"thad1238"
"2336",2541,"tond1251"
"2337",2542,"dout1240"
"2338",2543,"tere1279"
"2339",2544,"sout2976"
"2340",2545,"tehu1242"
"2341",2546,"timn1235"
"2342",2547,"tete1250"
"2343",2548,"teso1249"
"2344",2549,"tepe1278"
"2345",2550,"nucl1339"
"2346",2551,"atik1240"
"2347",2552,"sooo1256"
"2348",2553,"tewa1260"
"2349",2554,"tenn1246"
"2350",2555,"tana1289"
"2351",2556,"teri1250"
"2352",2557,"tern1247"
"2353",2558,"tiga1245"
"2354",2559,"tang1348"
"2355",2560,"tigr1271"
"2356",2561,"sude1239"
"2357",2562,"thay1249"
"2358",2563,"than1259"
"2359",2564,"thom1243"
"2360",2565,"tahi1242"
"2361",2566,"taha1241"
"2362",2567,"tigr1270"
"2363",2568,"tifa1245"
"2364",2569,"timu1262"
"2365",2570,"tika1246"
"2366",2571,"till1254"
"2367",2572,"tind1238"
"2368",2573,"teop1238"
"2369",2574,"tivv1240"
"2370",2575,"sout2961"
"2371",2576,"tiru1241"
"2372",2577,"tsak1249"
"2373",2578,"take1255"
"2374",2579,"tean1237"
"2375",2580,"tobe1252"
"2376",2581,"tala1285"
"2377",2582,"tali1258"
"2378",2583,"talo1250"
"2379",2584,"tama1331"
"2380",2585,"tuma1260"
"2381",2586,"haru1245"
"2382",2588,"tuml1238"
"2383",2589,"uabm1237"
"2384",2590,"taca1256"
"2385",2591,"tani1257"
"2386",2592,"cent2150"
"2387",2593,"kwam1252"
"2388",2594,"tabl1243"
"2389",2595,"tont1239"
"2390",2596,"toba1269"
"2391",2597,"tong1318"
"2392",2598,"tojo1241"
"2393",2599,"toke1240"
"2394",2600,"xico1235"
"2395",2601,"high1243"
"2396",2602,"tong1325"
"2397",2603,"jeme1245"
"2398",2604,"toar1246"
"2399",2605,"tukp1239"
"2400",2606,"mali1285"
"2401",2607,"copa1237"
"2402",2608,"lish1246"
"2403",2609,"tara1313"
"2404",2610,"kokb1239"
"2405",2611,"taus1253"
"2406",2612,"chic1273"
"2407",2613,"chuu1238"
"2408",2614,"taro1264"
"2409",2615,"torw1241"
"2410",2616,"taus1251"
"2411",2617,"tsha1245"
"2412",2618,"turk1288"
"2413",2619,"tson1249"
"2414",2620,"nort2787"
"2415",2621,"thai1240"
"2416",2622,"taiw1241"
"2417",2623,"tsog1243"
"2418",2624,"tswa1253"
"2419",2625,"tsou1248"
"2420",2626,"tute1247"
"2421",2627,"tekt1235"
"2422",2628,"toba1266"
"2423",2629,"tetu1245"
"2424",2630,"tata1255"
"2425",2631,"musl1236"
"2426",2632,"sika1263"
"2427",2633,"tuba1278"
"2428",2634,"tuyu1244"
"2429",2635,"taul1251"
"2430",2636,"tupu1244"
"2431",2637,"tuca1252"
"2432",2638,"hdii1240"
"2433",2639,"tusc1257"
"2434",2640,"nort2941"
"2435",2641,"turk1308"
"2436",2642,"sout2859"
"2437",2643,"tido1248"
"2438",2644,"twan1247"
"2439",2645,"akan1250"
"2440",2646,"west2538"
"2441",2647,"kaya1330"
"2442",2648,"tata1257"
"2443",2649,"thay1248"
"2444",2650,"tanz1238"
"2445",2651,"tzel1254"
"2446",2652,"tzot1259"
"2447",2653,"tugu1245"
"2448",2654,"tzot1259"
"2449",2655,"tzot1259"
"2450",2656,"ubyk1235"
"2451",2657,"udih1248"
"2452",2658,"wuzl1236"
"2453",2659,"ugan1238"
"2454",2660,"ukra1253"
"2455",2661,"urub1243"
"2456",2662,"yaku1245"
"2457",2663,"ulch1241"
"2458",2664,"ulit1238"
"2459",2665,"meri1244"
"2460",2666,"umat1237"
"2461",2667,"umbu1258"
"2462",2668,"muns1251"
"2463",2669,"woro1255"
"2464",2670,"urip1239"
"2465",2671,"urdu1245"
"2466",2672,"uruu1244"
"2467",2673,"urho1239"
"2468",2674,"urim1252"
"2469",2675,"urak1238"
"2470",2676,"orya1242"
"2471",2677,"urum1249"
"2472",2678,"urav1235"
"2473",2679,"kuku1280"
"2474",2680,"uzbe1247"
"2475",2681,"vafs1240"
"2476",2682,"vagl1239"
"2477",2683,"vaii1241"
"2478",2684,"valm1241"
"2479",2685,"huar1255"
"2480",2686,"vasa1239"
"2481",2687,"vedd1240"
"2482",2688,"vend1245"
"2483",2689,"veps1250"
"2484",2690,"idun1242"
"2485",2691,"teng1267"
"2486",2692,"kome1238"
"2487",2693,"dutc1256"
"2488",2695,"makh1264"
"2489",2696,"voti1245"
"2490",2697,"wall1238"
"2491",2698,"nucl1620"
"2492",2699,"wall1257"
"2493",2700,"wamp1249"
"2494",2701,"wapi1253"
"2495",2702,"wage1238"
"2496",2703,"waur1244"
"2497",2704,"waiw1244"
"2498",2705,"wata1253"
"2499",2706,"waya1269"
"2500",2707,"wola1242"
"2501",2708,"alag1248"
"2502",2709,"west2370"
"2503",2710,"waja1257"
"2504",2711,"yano1262"
"2505",2712,"wadj1254"
"2506",2713,"weda1241"
"2507",2714,"lowe1385"
"2508",2715,"weme1239"
"2509",2716,"uppe1395"
"2510",2717,"west2356"
"2511",2718,"weri1253"
"2512",2719,"warr1255"
"2513",2720,"sout2797"
"2514",2721,"wikn1245"
"2515",2722,"wikm1247"
"2516",2723,"wira1265"
"2517",2724,"kunb1251"
"2518",2725,"woli1241"
"2519",2726,"wels1247"
"2520",2727,"wamb1259"
"2521",2728,"walm1241"
"2522",2729,"want1252"
"2523",2730,"tyar1236"
"2524",2731,"weno1238"
"2525",2732,"wole1240"
"2526",2733,"woga1249"
"2527",2734,"kama1365"
"2528",2735,"nucl1347"
"2529",2736,"hang1263"
"2530",2737,"warl1256"
"2531",2738,"waru1264"
"2532",2739,"waro1242"
"2533",2740,"wara1300"
"2534",2741,"bert1248"
"2535",2742,"wuch1236"
"2536",2743,"wyan1247"
"2537",2744,"west2519"
"2538",2745,"xamm1241"
"2539",2746,"kama1351"
"2540",2747,"xava1240"
"2541",2748,"xere1240"
"2542",2749,"keny1241"
"2543",2750,"kaba1276"
"2544",2751,"till1254"
"2545",2752,"ming1252"
"2546",2753,"mala1481"
"2547",2754,"xhos1239"
"2548",2755,"krah1246"
"2549",2756,"keoo1238"
"2550",2757,"yami1256"
"2551",2758,"pume1238"
"2552",2759,"yaka1269"
"2553",2760,"yama1264"
"2554",2761,"yazg1240"
"2555",2762,"yagn1238"
"2556",2763,"yamb1251"
"2557",2764,"yaoo1241"
"2558",2765,"nugu1242"
"2559",2766,"west2402"
"2560",2767,"yucu1253"
"2561",2768,"taro1263"
"2562",2769,"yeyi1239"
"2563",2770,"ying1247"
"2564",2771,"sich1238"
"2565",2772,"kweg1241"
"2566",2773,"yind1247"
"2567",2774,"xish1235"
"2568",2775,"yiry1245"
"2569",2776,"yaka1277"
"2570",2778,"yako1252"
"2571",2779,"yele1255"
"2572",2780,"yill1241"
"2573",2781,"nyal1254"
"2574",2782,"yami1254"
"2575",2783,"yans1239"
"2576",2784,"kati1270"
"2577",2786,"yape1248"
"2578",2787,"yare1248"
"2579",2788,"sire1246"
"2580",2790,"yuec1235"
"2581",2791,"yuru1263"
"2582",2792,"yuki1243"
"2583",2793,"yulu1243"
"2584",2794,"quec1382"
"2585",2795,"yukp1241"
"2586",2796,"yugh1239"
"2587",2797,"sout2750"
"2588",2798,"east2337"
"2589",2799,"yawu1244"
"2590",2800,"sier1250"
"2591",2801,"sanj1284"
"2592",2802,"zand1248"
"2593",2803,"yatz1235"
"2594",2804,"mitl1236"
"2595",2805,"zays1235"
"2596",2806,"zena1248"
"2597",2807,"zima1244"
"2598",2808,"marg1253"
"2599",2809,"nege1240"
"2600",2810,"madn1237"
"2601",2811,"mitu1240"
"2602",2812,"mari1419"
"2603",2813,"muru1266"
"2604",2814,"chim1300"
"2605",2815,"rayo1235"
"2606",2816,"fran1266"
"2607",2817,"sout3005"
"2608",2818,"sant1451"
"2609",2819,"mixt1426"
"2610",2820,"zoog1238"
"2611",2821,"texm1235"
"2612",2822,"zapa1253"
"2613",2823,"zaza1246"
"2614",2824,"clas1254"
"2615",2826,"darg1241"
"2616",2828,"aghu1253"
"2617",2829,"gend1249"
"2618",2830,"tiko1237"
"2619",2831,"anci1242"
"2620",2832,"goth1244"
"2621",2833,"olde1238"
"2622",2834,"ugar1238"
"2623",2835,"ngal1300"
"2624",2836,"port1285"
"2625",2837,"guga1239"
"2626",2838,"mari1417"
"2627",2839,"beav1236"
"2628",2840,"jewi1240"
"2629",2841,"yoku1256"
"2630",2843,"filo1235"
"2631",2845,"dung1253"
"2632",2848,"sawe1240"
"2633",2849,"nucl1634"
"2634",2851,"bahn1262"
"2635",2853,"nort2627"
"2636",2854,"oldh1241"
"2637",2855,"olds1250"
"2638",2856,"oldn1244"
"2639",2857,"oldf1241"
"2640",2858,"oldr1238"
"2641",2859,"bolg1250"
"2642",2860,"paci1278"
"2643",2862,"chhi1245"
"2644",2863,"puma1239"
"2645",2864,"tour1242"
"2646",2865,"wamb1257"
"2647",2866,"pali1273"
"2648",2869,"yaga1260"
"2649",2871,"nort2732"
"2650",2872,"west2594"
"2651",2873,"bant1281"
"2652",2875,"yuwa1244"
"2653",2876,"palu1252"
"2654",2878,"adan1251"
"2655",2879,"nepa1253"
"2656",2880,"sant1410"
"2657",2881,"kuru1302"
"2658",2882,"kaby1243"
"2659",2883,"shug1248"
"2660",2884,"sang1316"
"2661",2885,"shug1248"
"2662",2886,"shug1248"
"2663",2887,"shug1248"
"2664",2888,"sari1246"
"2665",2889,"sang1316"
"2666",2890,"yidg1240"
"2667",2891,"munj1244"
"2668",2892,"para1299"
"2669",2893,"lati1261"
"2670",2894,"sici1248"
"2671",2895,"peri1253"
"2672",2896,"argo1244"
"2673",2897,"assi1247"
"2674",2898,"caju1236"
"2675",2900,"aves1237"
"2676",2901,"yala1263"
"2677",2902,"thar1283"
"2678",2903,"dewo1238"
"2679",2904,"dumb1241"
"2680",2906,"tami1289"
"2681",2908,"sama1313"
"2682",2909,"saur1248"
"2683",2910,"sher1258"
"2684",2911,"ural1274"
"2685",2912,"clas1252"
"2686",2913,"ngba1284"
"2687",2914,"kara1481"
"2688",2916,"wakh1245"
"2689",2917,"djiw1239"
"2690",2918,"kirm1248"
"2691",2919,"diml1238"
"2692",2920,"yand1253"
"2693",2922,"uppe1235"
"2694",2923,"kaja1247"
"2695",2924,"shah1254"
"2696",2925,""
"2697",2926,"take1255"
"2698",2927,"esht1238"
"2699",2928,"dyir1250"
"2700",2929,"taly1247"
"2701",2930,"bett1235"
"2702",2932,"domm1246"
"2703",2934,"nuuu1241"
"2704",2935,"waim1253"
"2705",2936,"phal1254"
"2706",2939,"huar1255"
"2707",2940,"omet1237"
"2708",2941,"texi1237"
"2709",2943,"molo1266"
"2710",2944,"rabh1238"
"2711",2946,"botl1242"
"2712",2947,"darg1241"
"2713",2948,"darg1241"
"2714",2949,"darg1241"
"2715",2950,"darg1241"
"2716",2951,"kara1500"
"2717",2954,"eton1253"
"2718",2955,"tora1259"
"2719",2956,"sunw1242"
"2720",2958,"east1472"
"2721",2959,"puyu1239"
"2722",2960,"avar1256"
"2723",2962,"akhv1239"
"2724",2967,"darg1241"
"2725",2969,"tach1250"
"2726",2970,"saar1237"
"2727",2971,"lazz1240"
"2728",2972,"kamb1316"
"2729",2973,"logb1245"
"2730",2974,"mina1276"
"2731",2975,"kelo1247"
"2732",2977,"xibe1242"
"2733",2979,"thul1246"
"2734",2980,"koii1238"
"2735",2982,"bari1286"
"2736",2983,"yalu1240"
"2737",2984,"mian1256"
"2738",2985,"abui1241"
"2739",2986,"donn1238"
"2740",2987,"jams1239"
"2741",2989,"mual1241"
"2742",2990,"seim1238"
"2743",2992,"teiw1235"
"2744",2993,"babi1235"
"2745",2994,"sanf1258"
"2746",2995,"sasa1249"
"2747",2996,"yakk1236"
"2748",2997,"reye1240"
"2749",2998,"jeru1240"
"2750",2999,"thul1246"
"2751",306,"arva1236"
"2752",3001,"juti1236"
"2753",3002,"pary1242"
"2754",3003,"cors1241"
"2755",3004,"mark1255"
"2756",3005,"tund1254"
"2757",3006,"shek1245"
"2758",3007,"bahi1252"
"2759",3008,"xian1251"
"2760",3009,"tsam1247"
"2761",3010,"nort2727"
"2762",3012,"malo1243"
"2763",3013,"yaki1237"
"2764",3014,"zayy1238"
"2765",3015,"kach1284"
"2766",3017,"ngie1241"
"2767",3018,"alab1254"
"2768",3019,"silt1240"
"2769",3020,"ghul1238"
"2770",3021,"kada1282"
"2771",3022,"zenz1235"
"2772",3023,"waga1262"
"2773",3024,"stan1289"
"2774",3026,"band1340"
"2775",3027,"blab1237"
"2776",3028,"tila1239"
"2777",3030,"beri1253"
"2778",3031,"bull1247"
"2779",3032,"aton1241"
"2780",3033,"maka1316"
"2781",3034,"maka1316"
"2782",3037,"east2370"
"2783",3038,"sout2856"
"2784",3039,"ghom1257"
"2785",3040,"tama1365"
"2786",3041,"waja1259"
"2787",3042,"tama1365"
"2788",3044,"seba1251"
"2789",3045,"ajab1235"
"2790",3046,"adan1247"
"2791",3047,"hlai1239"
"2792",3049,"sanb1241"
"2793",3050,"kute1248"
"2794",3051,"kilm1241"
"2795",3052,"akoy1238"
"2796",3053,"tain1253"
"2797",3054,"ziaa1250"
"2798",3055,"ewag1241"
"2799",3058,"esee1247"
"2800",3059,"melp1238"
"2801",3060,"niii1240"
"2802",3061,"imbo1238"
"2803",3062,"iyoo1238"
"2804",3063,"awar1248"
"2805",3064,"numa1254"
"2806",3065,"boro1279"
"2807",3068,"emer1243"
"2808",3069,"cent2136"
"2809",3070,"mufi1238"
"2810",3072,"komb1272"
"2811",3075,"kama1367"
"2812",3076,"baru1269"
"2813",3077,"timb1251"
"2814",3078,"kani1286"
"2815",3081,"kose1239"
"2816",3082,"waff1241"
"2817",3083,"sepi1255"
"2818",3085,"mend1268"
"2819",3086,"hewa1241"
"2820",3087,"sani1270"
"2821",3088,"mono1270"
"2822",3092,"bent1238"
"2823",3093,"bond1248"
"2824",3094,"toro1252"
"2825",3095,"tene1248"
"2826",3096,"nang1261"
"2827",3099,"esta1236"
"2828",3101,"assy1241"
"2829",3104,"kano1245"
"2830",3105,"djeo1235"
"2831",3106,"arik1265"
"2832",3107,"mata1275"
"2833",3108,"otii1244"
"2834",3110,"tini1245"
"2835",3111,"arut1244"
"2836",3112,"sape1238"
"2837",3113,"taru1236"
"2838",3114,"kren1239"
"2839",3115,"bunu1267"
"2840",3116,"kulo1237"
"2841",3117,"nepa1254"
"2842",3121,"sipa1247"
"2843",3122,"biwa1243"
"2844",3126,"rang1266"
"2845",3130,"leni1238"
"2846",3131,"mbya1239"
"2847",3133,"legb1242"
"2848",3134,"dupa1235"
"2849",3136,"amdo1237"
"2850",3137,"avik1243"
"2851",3138,"amap1240"
"2852",3139,"budu1250"
"2853",3140,"naii1241"
"2854",3141,"west2560"
"2855",3142,"bayu1240"
"2856",3143,"chip1262"
"2857",3144,"jola1262"
"2858",3145,"donn1238"
"2859",3146,"dhal1245"
"2860",3147,"pott1240"
"2861",3148,"gupa1247"
"2862",3149,"gunn1250"
"2863",3150,"huaa1248"
"2864",3151,"kham1282"
"2865",3152,"khun1259"
"2866",3153,"kuik1246"
"2867",3154,"sans1272"
"2868",3155,"kayt1238"
"2869",3156,"kaya1329"
"2870",3157,"labu1248"
"2871",3158,"lame1260"
"2872",3159,"mbos1242"
"2873",3160,"mang1398"
"2874",3161,"mamb1294"
"2875",3162,"monz1249"
"2876",3163,"mele1250"
"2877",3164,"mayo1261"
"2878",3165,"ntch1242"
"2879",3166,"neyo1238"
"2880",3167,"ngar1286"
"2881",3168,"nyam1271"
"2882",3169,"nane1238"
"2883",3170,"pana1307"
"2884",3171,"ralt1242"
"2885",3172,"cent2126"
"2886",3173,"sida1246"
"2887",3174,"suku1259"
"2888",3175,"shom1245"
"2889",3176,"seke1240"
"2890",3177,"tima1241"
"2891",3178,"tuts1235"
"2892",3179,"umpi1239"
"2893",3180,"urat1244"
"2894",3181,"vili1238"
"2895",3182,"kari1304"
"2896",3183,"vinm1237"
"2897",3184,"wanm1242"
"2898",3185,"wang1290"
"2899",3186,"waka1274"
"2900",3187,"wann1242"
"2901",3188,"waru1265"
"2902",3189,"waam1244"
"2903",3190,"kana1283"
"2904",3191,"yala1262"
"2905",3192,"zagh1240"
"2906",3193,"bang1363"
"2907",3194,"chon1284"
"2908",3195,"fiji1243"
"2909",3196,"baha1258"
"2910",3197,"nija1241"
"2911",3198,"wara1302"
"2912",3199,"nucl1593"
"2913",3200,"fass1245"
"2914",3201,"leco1242"
"2915",3202,"momu1241"
"2916",3203,"owin1240"
"2917",3206,"mart1256"
"2918",3207,"humb1243"
"2919",3209,"buna1278"
"2920",3210,"mauw1238"
"2921",3211,"mosk1236"
"2922",3213,"oldi1245"
"2923",3208,"taba1259"
"2924",3224,""
"2925",3226,"sere1260"
"2926",3229,""
"2927",3230,"arom1237"
"2928",3232,"isco1239"
"2929",3235,"uduk1239"
"2930",3237,""
"2931",3238,""
"2932",3239,""
"2933",3240,""
"2934",3243,"nort2646"
"2935",3249,"awet1244"
"2936",3250,"xing1248"
"2937",3251,"avac1239"
"2938",3252,"guaj1256"
"2939",3253,"xeta1241"
"2940",3254,"guar1292"
"2941",3255,"paus1244"
"2942",3258,"yuqu1240"
"2943",3259,"tupi1273"
"2944",3261,"tapi1254"
"2945",3262,"para1312"
"2946",3263,"anam1249"
"2947",3264,"araw1273"
"2948",3266,"sate1243"
"2949",3268,"tenh1241"
"2950",3269,"temb1276"
